{
  "macro_f1": 0.8389977764551857,
  "f1_per_class": {
    "mitosis": 0.7105966162065895,
    "no_mitosis": 0.9673989367037817
  },
  "accuracy": 0.9413992066354129,
  "ece": 0.011873558932076334,
  "n_samples": 5546
}